Job Title,Job Description,category_group_name,certificate_group_name
Admin Big Data,"Responsible for managing and overseeing big data infrastructure, ensuring data integrity, security, and availability. Requires expertise in Hadoop, Spark, and data warehousing solutions.","Big Data, Data Engineering & Analytics","Cloud, Big Data & AI Certifications"
Ansible Operations Engineer,"Focuses on automating IT processes using Ansible. Responsibilities include writing playbooks, managing configurations, and ensuring system reliability.",Cloud Infrastructure & DevOps Automation,"DevOps, CI/CD & Cloud Automation Certifications"
Artifactory Administrator,"Manages the Artifactory repository for build artifacts. Responsibilities include configuring repositories, managing access permissions, and integrating with CI/CD pipelines.","CI/CD, Version Control & Build Automation","DevOps, Automation & Collaboration Tool Certifications"
Artificial Intelligence / Machine Learning Leader,"Leads AI/ML projects and teams, defining strategy and overseeing implementation. Requires strong leadership skills and knowledge of AI technologies.",Artificial Intelligence & Machine Learning,"Azure, AI & Developer Certifications"
Artificial Intelligence / Machine Learning Sr.Leader,"Senior role overseeing multiple AI/ML initiatives. Responsible for strategic planning, team management, and ensuring alignment with business goals.",Artificial Intelligence & Machine Learning,"Azure, AI & Developer Certifications"
Artificial intelligence Architect,"Designs AI systems and architecture. Responsible for selecting appropriate technologies, ensuring scalability, and integrating AI solutions into existing systems.",Artificial Intelligence & Machine Learning,"Cloud, Big Data & AI Certifications"
Artificial Intelligence Researcher,Conducts research in AI to develop new algorithms and models. Publishes findings in scientific journals and collaborates with academic institutions.,Artificial Intelligence & Machine Learning,"Data Science, Analytics & Splunk Certifications"
Big Data Architect,"Designs big data solutions and architecture. Responsible for data modeling, ETL processes, and ensuring the performance of big data systems.","Big Data, Data Engineering & Analytics","Cloud, Big Data & AI Certifications"
Big Data Engineer,"Builds and maintains big data pipelines. Responsible for data ingestion, transformation, and storage using technologies like Hadoop and Spark.","Big Data, Data Engineering & Analytics","Cloud, Big Data & AI Certifications"
Big Data Specialist,Analyzes large datasets to extract insights. Requires knowledge of statistical analysis tools and big data technologies.,"Big Data, Data Engineering & Analytics","Data Science, Analytics & Splunk Certifications"
Build and Release Engineer,"Manages the build process for software applications. Responsible for automating builds, managing release schedules, and ensuring software quality.","CI/CD, Version Control & Build Automation","DevOps, CI/CD & Cloud Automation Certifications"
Build Engineer,Focuses on building software applications from source code. Responsibilities include configuring build environments and troubleshooting build issues.,"CI/CD, Version Control & Build Automation","DevOps, CI/CD & Cloud Automation Certifications"
Chef Operations Engineer,"Utilizes Chef for configuration management. Responsible for writing cookbooks, managing infrastructure as code, and automating deployment processes.",Cloud Infrastructure & DevOps Automation,"DevOps, CI/CD & Cloud Automation Certifications"
Data Analysts,"Analyzes datasets to provide actionable insights. Requires proficiency in SQL, Excel, and data visualization tools like Tableau or Power BI.","Big Data, Data Engineering & Analytics","Data Science, Analytics & Splunk Certifications"
Data Architect,"Designs data models and architecture for databases. Responsible for ensuring data quality, integrity, and security across systems.","Big Data, Data Engineering & Analytics","Cloud, Big Data & AI Certifications"
DevOps Architect,Designs DevOps frameworks that enhance collaboration between development/operations teams while implementing CI/CD practices.,Cloud Infrastructure & DevOps Automation,"Cloud, Big Data & AI Certifications"
DevOps Engineer,Implements DevOps practices by automating software delivery processes using tools like Jenkins or GitLab CI.,Cloud Infrastructure & DevOps Automation,"DevOps, CI/CD & Cloud Automation Certifications"
ELK Engineer,"Implements ELK stack (Elasticsearch, Logstash, Kibana) solutions for log management/analysis while creating visualizations/dashboards.","Monitoring, Logging & Observability","DevOps, CI/CD & Cloud Automation Certifications"
Gerrit Administrator,"Administers Gerrit code review tool. Responsibilities include managing user access, configuring project settings, and facilitating code reviews.","CI/CD, Version Control & Build Automation",Software Development & Specialized IT Certifications
Jenkins Engineer,Manages Jenkins CI/CD server to automate software builds/deployments. Responsibilities include configuring jobs/plugins and maintaining build pipelines.,"CI/CD, Version Control & Build Automation","DevOps, CI/CD & Cloud Automation Certifications"
Jira Administrator,"Manages Jira project management tool. Responsibilities include configuring workflows, managing user permissions, and supporting teams in Agile methodologies.","Software Testing, QA & Java Development","DevOps, Automation & Collaboration Tool Certifications"
Kubernetes Operations Engineer,"Manages Kubernetes clusters for container orchestration. Responsibilities include deploying applications, monitoring cluster health, and troubleshooting issues.","DevOps, Kubernetes & Cloud Security","Kubernetes, DevSecOps & Cloud Native Certifications"
Machine learning Architect,"Designs machine learning systems architecture. Responsible for selecting appropriate frameworks, designing workflows, and ensuring scalability of ML models.",Artificial Intelligence & Machine Learning,"Cloud, Big Data & AI Certifications"
Machine Learning Engineer,Builds machine learning models by implementing algorithms/data processing techniques while focusing on model evaluation/deployment.,Artificial Intelligence & Machine Learning,"Azure, AI & Developer Certifications"
Operations Engineer,"Oversees IT operations to ensure system reliability. Responsibilities include monitoring system performance, troubleshooting issues, and implementing improvements.",System Administration & IT Support,Software Development & Specialized IT Certifications
Principle Engineer in Artificial Intelligence,"Leads AI initiatives within an organization. Responsibilities include strategic planning, mentoring teams, and driving innovation in AI technologies.",Artificial Intelligence & Machine Learning,"Azure, AI & Developer Certifications"
Principle Engineer in Big Data,Senior role responsible for big data strategy implementation. Oversees architecture design decisions and ensures compliance with best practices.,"Big Data, Data Engineering & Analytics","Cloud, Big Data & AI Certifications"
Principle Engineer in Data Analysis,Leads data analysis projects to derive insights from complex datasets. Requires strong analytical skills and experience with statistical methods.,"Big Data, Data Engineering & Analytics","Data Science, Analytics & Splunk Certifications"
Principle Engineer in Machine Learning,Senior role overseeing machine learning projects. Responsible for guiding teams on best practices in model development and deployment.,Artificial Intelligence & Machine Learning,"Cloud, Big Data & AI Certifications"
Production Support Engineer,"Provides support for production systems to ensure uptime. Responsibilities include monitoring applications, troubleshooting issues, and performing root cause analysis.",System Administration & IT Support,Software Development & Specialized IT Certifications
Puppet Operations Engineer,Utilizes Puppet for configuration management tasks. Responsible for writing manifests/scripts to automate system configurations across environments.,Cloud Infrastructure & DevOps Automation,"DevOps, CI/CD & Cloud Automation Certifications"
Senior Build and Release Engineer,Leads build/release engineering efforts within an organization. Manages complex build environments while ensuring timely delivery of software releases.,"CI/CD, Version Control & Build Automation","DevOps, CI/CD & Cloud Automation Certifications"
Senior Build Engineer,Oversees build processes for software projects at a senior level. Responsible for optimizing build times and maintaining build infrastructure.,"CI/CD, Version Control & Build Automation","DevOps, CI/CD & Cloud Automation Certifications"
Senior DevOps Engineer,Drives DevOps initiatives at a senior level. Responsibilities include mentoring team members and implementing automation strategies.,Cloud Infrastructure & DevOps Automation,"DevOps, CI/CD & Cloud Automation Certifications"
Site Reliability Engineer (Kubernetes â Docker),Focuses on maintaining high availability of containerized applications using Kubernetes/Docker while implementing SRE best practices.,"DevOps, Kubernetes & Cloud Security","Kubernetes, DevSecOps & Cloud Native Certifications"
Splunk Engineer,"Implements Splunk solutions for log analysis, security monitoring, and operational intelligence. Responsible for creating dashboards/alerts and managing data ingestion.","Monitoring, Logging & Observability","Data Science, Analytics & Splunk Certifications"
.NET Developer,Develops applications using .NET framework technologies including C#. Responsibilities include application design/development/testing.,Full Stack Development & Blockchain,Software Development & Specialized IT Certifications
ACCESSIBILITY SPECIALIST,"Ensures digital content meets accessibility standards (e.g., WCAG). Conducts audits/reviews to improve accessibility compliance.","Mobile Development, UI/UX & Accessibility",Software Development & Specialized IT Certifications
AGILE PROJECT MANAGER,"Manages Agile projects by facilitating Scrum ceremonies (e.g., sprint planning). Ensures team adherence to Agile principles/methodologies.","Project Management, Leadership & Business Strategy","Project Management, Agile & Business Analysis Certifications"
Android Developer,Develops mobile applications using Android SDK/Java/Kotlin technologies while focusing on UI/UX design principles.,"Mobile Development, UI/UX & Accessibility","Frontend, Mobile & UI/UX Certifications"
Ansible Automation Engineer,Automates IT tasks using Ansible playbooks/scripts while managing configurations across environments.,Cloud Infrastructure & DevOps Automation,"DevOps, CI/CD & Cloud Automation Certifications"
AppDynamics Engineer,Monitors application performance using AppDynamics tools while providing insights into application health/performance metrics.,"Monitoring, Logging & Observability",Software Development & Specialized IT Certifications
Application Security Engineer,Focuses on securing applications through vulnerability assessments/pentesting while implementing security best practices.,Cybersecurity & Network Engineering,Cybersecurity & Information Security Certifications
Artifactory Engineer,Manages Artifactory repositories while integrating them into CI/CD pipelines to ensure efficient artifact management.,"CI/CD, Version Control & Build Automation","DevOps, Automation & Collaboration Tool Certifications"
AWS DevOps Engineer,Implements DevOps practices on AWS platform while utilizing services like EC2/S3/Lambda to automate deployments.,Cloud Infrastructure & DevOps Automation,"DevOps, CI/CD & Cloud Automation Certifications"
AWS Solutions Architect,Designs scalable cloud architectures on AWS platform while providing guidance on best practices/security compliance.,Cloud Infrastructure & DevOps Automation,"DevOps, CI/CD & Cloud Automation Certifications"
Azure DevOps Engineer,Implements DevOps solutions on Azure platform while utilizing Azure DevOps services/tools to automate deployments.,Cloud Infrastructure & DevOps Automation,"Azure, AI & Developer Certifications"
Bamboo Engineer,"Manages CI/CD processes using Bamboo. Responsibilities include configuring build plans, integrating with version control systems, and ensuring smooth deployment pipelines.","CI/CD, Version Control & Build Automation","DevOps, Automation & Collaboration Tool Certifications"
Bitbucket Engineer,"Administers Bitbucket repositories for version control. Responsible for managing user permissions, branch strategies, and pull requests.","CI/CD, Version Control & Build Automation","DevOps, Automation & Collaboration Tool Certifications"
Blockchain Developer,Develops blockchain-based applications and smart contracts. Requires knowledge of blockchain frameworks such as Ethereum and programming languages like Solidity.,Full Stack Development & Blockchain,Software Development & Specialized IT Certifications
BUSINESS SYSTEMS ANALYST,Analyzes business needs and translates them into technical requirements. Works closely with stakeholders to improve processes and implement technology solutions.,"Big Data, Data Engineering & Analytics","Project Management, Agile & Business Analysis Certifications"
C# Developer,"Develops applications using C# and .NET technologies. Responsibilities include designing, coding, testing, and debugging software applications.",Full Stack Development & Blockchain,Software Development & Specialized IT Certifications
Chef InSpec Engineer,Utilizes Chef InSpec for compliance automation. Responsible for writing tests to ensure systems meet security and compliance standards.,Cloud Infrastructure & DevOps Automation,"DevOps, Automation & Collaboration Tool Certifications"
Cloud administrator,No description available,Cloud Infrastructure & DevOps Automation,Networking & Infrastructure Certifications
CLOUD ARCHITECT,Designs cloud architecture solutions to meet business requirements. Responsible for selecting appropriate cloud services and ensuring scalability/security.,Cloud Infrastructure & DevOps Automation,"Cloud, Big Data & AI Certifications"
Cloud automation engineer,Automates cloud infrastructure management using tools like Terraform or Ansible. Focuses on deploying resources efficiently across cloud environments.,Cloud Infrastructure & DevOps Automation,"DevOps, Automation & Collaboration Tool Certifications"
Cloud engineer,"Builds and maintains cloud infrastructure. Responsibilities include configuring cloud services, optimizing performance, and ensuring security compliance.",Cloud Infrastructure & DevOps Automation,"Cloud, Big Data & AI Certifications"
Cloud network engineer,"Designs and manages networking solutions within cloud environments. Focuses on VPCs, subnets, routing configurations, and security groups.",Cloud Infrastructure & DevOps Automation,Networking & Infrastructure Certifications
Cloud Security Engineer,"Implements security measures for cloud environments. Responsibilities include identity management, data protection, and compliance auditing.",Cloud Infrastructure & DevOps Automation,Cybersecurity & Information Security Certifications
CNC Programmer,Creates CNC programs for machining operations. Responsible for interpreting blueprints and optimizing tool paths for efficiency.,"Programming, Embedded Systems & Robotics",Software Development & Specialized IT Certifications
Coder,Writes code in various programming languages to develop software applications. Responsibilities include debugging and maintaining code quality.,"Programming, Embedded Systems & Robotics",Entry-Level Programming & Web Development Certifications
COMPUTER GRAPHICS ANIMATOR,"Creates animations using computer graphics software. Responsibilities include modeling, rigging, and rendering 3D assets.","Animation, Multimedia & Game Development","Animation, Game Development & Creative Design Certifications"
Computer Hardware Engineer,"Designs and tests hardware components for computers. Responsibilities include circuit design, prototyping, and troubleshooting hardware issues.","Programming, Embedded Systems & Robotics",Networking & Infrastructure Certifications
Computer Network Architect,Designs network infrastructures to support organizational needs. Responsible for selecting hardware/software solutions to optimize network performance.,Cybersecurity & Network Engineering,Networking & Infrastructure Certifications
Computer Programmer,Writes code to create software applications based on specifications. Responsibilities include debugging code and collaborating with other developers.,"Programming, Embedded Systems & Robotics","Java, Oracle & Enterprise Development Certifications"
Computer Research Scientist,Conducts research in computing fields to develop new technologies or methodologies. Publishes findings in academic journals and presents at conferences.,Artificial Intelligence & Machine Learning,"Data Science, Analytics & Splunk Certifications"
Computer Systems Analyst,Analyzes computer systems to identify improvements in efficiency or functionality. Works closely with stakeholders to gather requirements and implement solutions.,"Big Data, Data Engineering & Analytics",Software Development & Specialized IT Certifications
Confluence Engineer,"Manages Confluence as a collaboration tool within teams. Responsibilities include configuring spaces, managing permissions, and supporting documentation efforts.","CI/CD, Version Control & Build Automation","DevOps, Automation & Collaboration Tool Certifications"
Consul Engineer,Implements service discovery solutions using HashiCorp Consul. Responsible for configuring service mesh capabilities and ensuring application connectivity.,Cloud Infrastructure & DevOps Automation,"DevOps, Automation & Collaboration Tool Certifications"
Coverage.py Engineer,Utilizes Coverage.py for measuring code coverage in Python applications. Responsible for implementing testing strategies to improve code quality.,"Software Testing, QA & Java Development",Software Development & Specialized IT Certifications
DATA ANALYST,"Analyzes data sets to extract insights that inform business decisions. Proficient in SQL, Excel, and data visualization tools like Tableau or Power BI.","Big Data, Data Engineering & Analytics","Data Science, Analytics & Splunk Certifications"
Data Engineer,"Builds data pipelines to support analytics initiatives. Requires expertise in ETL processes, SQL databases, and big data technologies.","Big Data, Data Engineering & Analytics","Cloud, Big Data & AI Certifications"
DATA MODELER,Creates data models that define how data is stored within databases. Works closely with architects to ensure alignment with business requirements.,"Big Data, Data Engineering & Analytics","Data Science, Analytics & Splunk Certifications"
DATA SCIENTIST,Utilizes statistical analysis and machine learning techniques to derive insights from complex datasets. Proficient in programming languages like Python or R.,"Big Data, Data Engineering & Analytics","Azure, AI & Developer Certifications"
Database Administrator,"Responsible for managing database systems including installation, configuration, monitoring performance, backup/recovery procedures.",Database Administration & SQL Development,"Azure, AI & Developer Certifications"
Datadog Engineer,Implements monitoring solutions using Datadog to track application performance metrics. Responsible for configuring alerts/dashboards.,"Monitoring, Logging & Observability","DevOps, CI/CD & Cloud Automation Certifications"
Developer,Writes software applications based on specifications provided by stakeholders. Collaborates with other developers on coding best practices.,"Programming, Embedded Systems & Robotics",Software Development & Specialized IT Certifications
DevOps Architect,Designs DevOps frameworks that enhance collaboration between development/operations teams while implementing CI/CD practices.,Cloud Infrastructure & DevOps Automation,"Cloud, Big Data & AI Certifications"
DevOps Engineer,Implements DevOps practices by automating software delivery processes using tools like Jenkins or GitLab CI.,Cloud Infrastructure & DevOps Automation,"DevOps, CI/CD & Cloud Automation Certifications"
DEVOPS MANAGER,Oversees DevOps teams responsible for automating software delivery processes while ensuring alignment with organizational goals.,Cloud Infrastructure & DevOps Automation,"Project Management, Agile & Business Analysis Certifications"
DevSecOps Architect,Integrates security practices into the DevOps process by designing secure CI/CD pipelines that meet compliance standards.,"DevOps, Kubernetes & Cloud Security",Cybersecurity & Information Security Certifications
DevSecOps Engineer,Implements security measures within the DevOps lifecycle by utilizing tools that automate security checks throughout development.,"DevOps, Kubernetes & Cloud Security","DevOps, CI/CD & Cloud Automation Certifications"
Director of Engineering,Leads engineering teams while overseeing project management efforts across multiple initiatives within the organization.,"Project Management, Leadership & Business Strategy","Project Management, Agile & Business Analysis Certifications"
Docker Engineer,Manages containerization solutions using Docker while ensuring efficient deployment of applications across environments.,"DevOps, Kubernetes & Cloud Security","DevOps, CI/CD & Cloud Automation Certifications"
ELK Engineer,"Implements ELK stack (Elasticsearch, Logstash, Kibana) solutions for log management/analysis while creating visualizations/dashboards.","Monitoring, Logging & Observability","DevOps, CI/CD & Cloud Automation Certifications"
Embedded Software Engineer,Develops software for embedded systems by writing low-level code that interfaces directly with hardware components.,"Programming, Embedded Systems & Robotics",Software Development & Specialized IT Certifications
Entry Level Developer,Assists in developing software applications under supervision while gaining experience in coding/debugging practices.,Full Stack Development & Blockchain,Entry-Level Programming & Web Development Certifications
Entry Level Network Engineer,Supports network infrastructure by assisting with configuration/troubleshooting tasks while gaining hands-on experience.,System Administration & IT Support,Networking & Infrastructure Certifications
Entry Level Programmer,Writes basic code under supervision while learning programming concepts/techniques through practical application.,"Programming, Embedded Systems & Robotics",Entry-Level Programming & Web Development Certifications
Entry Level Software Developer,Assists in developing software applications while gaining experience in coding/debugging practices under supervision.,Full Stack Development & Blockchain,Entry-Level Programming & Web Development Certifications
Entry Level Software Engineer,Participates in software development projects while gaining practical experience in coding/debugging under guidance.,Full Stack Development & Blockchain,Entry-Level Programming & Web Development Certifications
Entry Level Web Developer,Assists in developing web applications while learning front-end/back-end technologies through practical experience.,Full Stack Development & Blockchain,Entry-Level Programming & Web Development Certifications
Envoy Engineer,Implements Envoy proxy solutions within microservices architectures while focusing on traffic management/security policies.,"DevOps, Kubernetes & Cloud Security","DevOps, Automation & Collaboration Tool Certifications"
Falco Engineer,Utilizes Falco for runtime security monitoring of containerized applications while implementing threat detection mechanisms.,"DevOps, Kubernetes & Cloud Security","Kubernetes, DevSecOps & Cloud Native Certifications"
FluentD Engineer,Configures FluentD as a log collector/aggregator while managing log ingestion pipelines into storage/analytics platforms.,"Monitoring, Logging & Observability","DevOps, Automation & Collaboration Tool Certifications"
Fortify Engineer,Conducts static/dynamic application security testing using Fortify tools while identifying/remediating vulnerabilities within applications.,"Programming, Embedded Systems & Robotics",Software Development & Specialized IT Certifications
FRAMEWORKS SPECIALIST,"Specializes in specific frameworks (e.g., React/Angular) by developing applications based on best practices within those frameworks.",Full Stack Development & Blockchain,"DevOps, Automation & Collaboration Tool Certifications"
Front End Developer,"Designs and develops user-facing features for web applications using HTML, CSS, and JavaScript. Collaborates with UX/UI designers to implement responsive designs.",Full Stack Development & Blockchain,"Frontend, Mobile & UI/UX Certifications"
Front End Web Developer,Creates and maintains the visual components of web applications. Responsible for optimizing applications for maximum speed and scalability.,Full Stack Development & Blockchain,"Frontend, Mobile & UI/UX Certifications"
Full Stack Developer,Develops both front-end and back-end components of web applications. Requires proficiency in multiple programming languages and frameworks.,Full Stack Development & Blockchain,Entry-Level Programming & Web Development Certifications
Full Stack JAVA Developer/Programmer/Engineer,Designs and develops full-stack applications using Java technologies. Responsible for both server-side logic and user interface design.,Full Stack Development & Blockchain,"Java, Oracle & Enterprise Development Certifications"
Full Stack Python Developer/Programmer/Engineer,"Creates full-stack applications using Python frameworks (e.g., Django). Responsible for developing both client-side and server-side components.",Full Stack Development & Blockchain,"DevOps, Automation & Collaboration Tool Certifications"
Game Developer,"Designs and develops video games across platforms. Responsible for coding gameplay mechanics, graphics, and user interactions.",Full Stack Development & Blockchain,"Animation, Game Development & Creative Design Certifications"
GCP DevOps Engineer,"Implements DevOps practices on Google Cloud Platform. Responsible for automating deployments, managing CI/CD pipelines, and ensuring system reliability.",Cloud Infrastructure & DevOps Automation,"Cloud, Big Data & AI Certifications"
Gerrit Engineer,Manages Gerrit code review system to facilitate collaborative development. Responsibilities include configuring projects and managing user access.,"CI/CD, Version Control & Build Automation","DevOps, Automation & Collaboration Tool Certifications"
Git Engineer,"Specializes in Git version control systems. Responsible for managing repositories, branching strategies, and ensuring code integrity during development.","CI/CD, Version Control & Build Automation","DevOps, Automation & Collaboration Tool Certifications"
Github Engineer,"Manages GitHub repositories for version control. Responsibilities include setting up workflows, managing pull requests, and collaborating with teams.","CI/CD, Version Control & Build Automation","DevOps, Automation & Collaboration Tool Certifications"
GitLab Engineer,Administers GitLab repositories for version control. Responsible for configuring CI/CD pipelines and managing project settings.,"CI/CD, Version Control & Build Automation","DevOps, Automation & Collaboration Tool Certifications"
Gradle Engineer,Utilizes Gradle build automation tools to manage project dependencies and build processes. Responsible for optimizing build configurations.,"CI/CD, Version Control & Build Automation","Frontend, Mobile & UI/UX Certifications"
Grafana Engineer,Implements Grafana dashboards for data visualization. Responsible for monitoring metrics from various sources to provide insights into system performance.,"Monitoring, Logging & Observability",Software Development & Specialized IT Certifications
Groovy Engineer,Develops scripts using Groovy programming language to automate tasks within Java applications or build processes.,"CI/CD, Version Control & Build Automation","DevOps, Automation & Collaboration Tool Certifications"
INFORMATION ARCHITECT,Designs information systems that provide clear navigation structures for users. Works on organizing content effectively across digital platforms.,"Mobile Development, UI/UX & Accessibility",Cybersecurity & Information Security Certifications
Information Security Analyst,Protects an organizationâs computer systems by implementing security measures. Responsibilities include monitoring networks for security breaches.,Cybersecurity & Network Engineering,Cybersecurity & Information Security Certifications
INTERACTION DESIGNER,Focuses on creating engaging interfaces that enhance user experience. Responsibilities include conducting user research and usability testing.,"Mobile Development, UI/UX & Accessibility",Software Development & Specialized IT Certifications
IOS Developer,Develops mobile applications for iOS devices using Swift or Objective-C. Responsible for implementing UI designs and ensuring app performance.,"Mobile Development, UI/UX & Accessibility",Entry-Level Programming & Web Development Certifications
Istio Engineer,"Implements service mesh solutions using Istio to manage microservices communication. Focuses on traffic management, security policies, and observability.","DevOps, Kubernetes & Cloud Security","DevOps, Automation & Collaboration Tool Certifications"
IT Manager,"Oversees IT operations within an organization. Responsibilities include managing IT staff, budgeting, and ensuring alignment with business goals.","Project Management, Leadership & Business Strategy","Project Management, Agile & Business Analysis Certifications"
JaCoCO Engineer,Utilizes JaCoCO to measure code coverage in Java applications. Responsible for integrating coverage reporting into CI/CD pipelines.,"Software Testing, QA & Java Development",Software Development & Specialized IT Certifications
Java Developer,"Develops software applications using Java programming language. Responsibilities include writing code, debugging, and collaborating with team members on projects.","Software Testing, QA & Java Development","Java, Oracle & Enterprise Development Certifications"
JavaScript Developer,Creates interactive web applications using JavaScript frameworks/libraries like React or Angular. Focuses on front-end development best practices.,Full Stack Development & Blockchain,"Frontend, Mobile & UI/UX Certifications"
Jenkins Engineer,Manages Jenkins CI/CD server to automate software builds/deployments. Responsibilities include configuring jobs/plugins and maintaining build pipelines.,"CI/CD, Version Control & Build Automation","DevOps, CI/CD & Cloud Automation Certifications"
JIRA Engineer,"Administers JIRA project management tool to support Agile teams. Responsibilities include configuring workflows, managing projects, and providing user support.","Software Testing, QA & Java Development","DevOps, Automation & Collaboration Tool Certifications"
Jr Developer,Assists in software development tasks under supervision while gaining practical experience in coding/debugging practices.,Full Stack Development & Blockchain,Entry-Level Programming & Web Development Certifications
Junior Developer,Supports development teams by writing code under guidance while learning best practices in software development.,Full Stack Development & Blockchain,Entry-Level Programming & Web Development Certifications
Junior Front End Developer,Assists in developing front-end components of web applications while learning HTML/CSS/JavaScript.,Full Stack Development & Blockchain,Entry-Level Programming & Web Development Certifications
Junior IOS Developer,Supports iOS application development efforts while gaining hands-on experience with Swift/Objective-C.,"Mobile Development, UI/UX & Accessibility",Entry-Level Programming & Web Development Certifications
Junior Software Developer,Participates in software development projects while gaining practical experience through coding/debugging tasks.,Full Stack Development & Blockchain,Entry-Level Programming & Web Development Certifications
Junior Software Engineer,Assists in engineering tasks related to software development while learning from experienced team members.,Full Stack Development & Blockchain,Entry-Level Programming & Web Development Certifications
Junior Web Developer,Supports web development efforts by writing basic code under supervision while learning front-end/back-end technologies.,Full Stack Development & Blockchain,Entry-Level Programming & Web Development Certifications
JUnit Engineer,Utilizes JUnit framework to write unit tests for Java applications. Responsibilities include ensuring code quality through automated testing.,"Software Testing, QA & Java Development",Software Development & Specialized IT Certifications
kubernetes Administrator,"Manages and maintains Kubernetes clusters, ensuring high availability, scalability, and security of containerized applications. Works closely with DevOps, development, and IT teams to deploy, troubleshoot, and optimize Kubernetes-based infrastructure.","DevOps, Kubernetes & Cloud Security","Kubernetes, DevSecOps & Cloud Native Certifications"
Kubernetes Engineer,Designs and implements Kubernetes solutions for container orchestration while ensuring high availability of services.,"DevOps, Kubernetes & Cloud Security","Kubernetes, DevSecOps & Cloud Native Certifications"
Machine Learning Engineer,Builds machine learning models by implementing algorithms/data processing techniques while focusing on model evaluation/deployment.,Artificial Intelligence & Machine Learning,"Azure, AI & Developer Certifications"
MAVEN Engineer,Manages build processes using Maven for Java applications. Responsibilities include configuring pom.xml files and optimizing build performance.,"CI/CD, Version Control & Build Automation","Java, Oracle & Enterprise Development Certifications"
Micro services / API Lead Designer,"Responsible for architecting, designing, and leading the development of scalable, secure, and efficient microservices-based applications. Collaborate closely with engineering, DevOps, and product teams to define API strategies, ensure seamless integration, and optimize system performance.",Cloud Infrastructure & DevOps Automation,"Cloud, Big Data & AI Certifications"
MOBILE APP DEVELOPER,Develops mobile applications for platforms like Android and iOS. Responsibilities include designing user interfaces and integrating backend services.,"Mobile Development, UI/UX & Accessibility","Frontend, Mobile & UI/UX Certifications"
Mobile Application Developer,Creates mobile applications using frameworks like React Native or Flutter. Focuses on delivering high-quality user experiences across devices.,"Mobile Development, UI/UX & Accessibility","Frontend, Mobile & UI/UX Certifications"
Mulesoft Developer,Designs and develops integration solutions using MuleSoft Anypoint Platform. Responsible for creating APIs and managing data flows between systems.,"Software Testing, QA & Java Development",Software Development & Specialized IT Certifications
Nagios Engineer,Implements Nagios monitoring solutions to track system performance and availability. Responsible for configuring alerts and managing monitoring plugins.,"Monitoring, Logging & Observability","DevOps, Automation & Collaboration Tool Certifications"
Network and Systems Administrator,"Manages network infrastructure and systems to ensure operational efficiency. Responsibilities include troubleshooting, maintenance, and user support.",System Administration & IT Support,Networking & Infrastructure Certifications
Network Engineer,"Designs, implements, and manages network solutions to ensure reliable connectivity. Responsibilities include configuring routers/switches and monitoring network performance.",Cybersecurity & Network Engineering,Networking & Infrastructure Certifications
New Grad Software Engineer,Entry-level position focused on software development tasks while gaining practical experience in coding/debugging under supervision.,Full Stack Development & Blockchain,Entry-Level Programming & Web Development Certifications
New Relic Engineer,"Utilizes New Relic for application performance monitoring. Responsibilities include configuring dashboards, analyzing metrics, and optimizing application performance.","Monitoring, Logging & Observability","DevOps, CI/CD & Cloud Automation Certifications"
Nexus Engineer,Manages Nexus repository for artifact management in CI/CD pipelines. Responsible for configuring repositories and ensuring efficient artifact storage.,"CI/CD, Version Control & Build Automation","DevOps, Automation & Collaboration Tool Certifications"
Nomad Engineer,Implements Nomad for workload orchestration across distributed systems. Responsibilities include managing job definitions and ensuring service availability.,"DevOps, Kubernetes & Cloud Security","DevOps, Automation & Collaboration Tool Certifications"
Notary Engineer,Utilizes Notary for secure signing of container images. Responsible for implementing trust management within containerized environments.,"DevOps, Kubernetes & Cloud Security","DevOps, Automation & Collaboration Tool Certifications"
Octopus Deploy Engineer,Manages deployment processes using Octopus Deploy. Responsibilities include configuring deployment projects and automating release workflows.,"CI/CD, Version Control & Build Automation","DevOps, Automation & Collaboration Tool Certifications"
OpenShift Engineer,"Administers OpenShift container platform for deploying applications. Responsibilities include managing clusters, scaling applications, and ensuring uptime.","DevOps, Kubernetes & Cloud Security","Kubernetes, DevSecOps & Cloud Native Certifications"
OpenStack Engineer,Implements OpenStack solutions for cloud infrastructure management. Responsible for deploying services and managing virtualized resources.,Cloud Infrastructure & DevOps Automation,"DevOps, Automation & Collaboration Tool Certifications"
Oracle Developer,"Develops applications using Oracle technologies including PL/SQL. Responsibilities include database design, coding, testing, and optimization.",Database Administration & SQL Development,"Java, Oracle & Enterprise Development Certifications"
Oracle SQL Developer,"Utilizes Oracle SQL Developer to manage database development tasks including writing queries, creating reports, and optimizing database performance.",Database Administration & SQL Development,"Java, Oracle & Enterprise Development Certifications"
Packer Engineer,Uses Packer to automate the creation of machine images across platforms. Responsible for maintaining image templates and ensuring consistency in deployments.,Cloud Infrastructure & DevOps Automation,"DevOps, Automation & Collaboration Tool Certifications"
PHP Developer,"Develops web applications using PHP programming language. Responsibilities include coding, debugging, and collaborating with front-end developers on integrations.",Full Stack Development & Blockchain,Software Development & Specialized IT Certifications
Powershell Engineer,Utilizes PowerShell scripting to automate administrative tasks in Windows environments. Responsible for writing scripts to manage system configurations.,Cloud Infrastructure & DevOps Automation,"Azure, AI & Developer Certifications"
PRODUCT MANAGER,"Oversees product development from conception to launch. Responsibilities include defining product vision, gathering requirements, and coordinating cross-functional teams.","Project Management, Leadership & Business Strategy","Agile, Scrum & Product Management Certifications"
Programmer,Writes code to develop software applications based on specifications provided by stakeholders. Collaborates with other developers on coding best practices.,"Programming, Embedded Systems & Robotics","Azure, AI & Developer Certifications"
Programmer Analyst,"Analyzes business requirements to develop software solutions. Responsibilities include coding, testing, debugging, and providing technical support.","Big Data, Data Engineering & Analytics","Azure, AI & Developer Certifications"
Prometheus Engineer,Implements Prometheus monitoring solutions to track application performance metrics. Responsible for configuring alerts/dashboards based on metrics collected.,"DevOps, Kubernetes & Cloud Security","Kubernetes, DevSecOps & Cloud Native Certifications"
Puppet Engineer,Utilizes Puppet for configuration management tasks across environments. Responsibilities include writing manifests/scripts to automate system configurations.,Cloud Infrastructure & DevOps Automation,"DevOps, CI/CD & Cloud Automation Certifications"
PyTest Engineer,Uses PyTest framework to write unit tests for Python applications. Responsible for ensuring code quality through automated testing practices.,"Software Testing, QA & Java Development",Software Development & Specialized IT Certifications
Python Developer,"Develops software applications using Python programming language. Responsibilities include writing code, debugging issues, and collaborating with other developers.",Full Stack Development & Blockchain,"Azure, AI & Developer Certifications"
QA Engineer,Implements testing strategies to ensure software quality through manual/automated testing methods while collaborating with development teams on quality standards.,"Software Testing, QA & Java Development",Software Development & Specialized IT Certifications
React Developer,Develops user interfaces using React.js framework. Responsibilities include implementing responsive designs and optimizing application performance.,Full Stack Development & Blockchain,"Frontend, Mobile & UI/UX Certifications"
Robotics Engineer,Designs robotic systems by developing software/hardware components that enable robots to perform tasks autonomously or semi-autonomously.,"Programming, Embedded Systems & Robotics",Software Development & Specialized IT Certifications
RUBY ON RAILS DEVELOPER,Develops web applications using Ruby on Rails framework while focusing on back-end logic/integrating front-end components.,Full Stack Development & Blockchain,"DevOps, CI/CD & Cloud Automation Certifications"
Salesforce Developer,Customizes Salesforce platform by developing applications/components using Apex/Visualforce while ensuring alignment with business processes.,Full Stack Development & Blockchain,Software Development & Specialized IT Certifications
Search Engine Optimization,No description available,"Big Data, Data Engineering & Analytics","DevOps, Automation & Collaboration Tool Certifications"
SECURITY SPECIALIST,Protects organizational data by implementing security measures. Responsibilities include conducting risk assessments and responding to security incidents.,Cybersecurity & Network Engineering,Cybersecurity & Information Security Certifications
Selenium Engineer,"Designs and develops automated test scripts using Selenium. Responsibilities include creating test plans, executing tests, and reporting defects.","Software Testing, QA & Java Development",Software Development & Specialized IT Certifications
Senior Ansible Development Engineer,Leads development efforts for Ansible-based automation solutions. Responsibilities include mentoring junior engineers and designing complex playbooks.,Cloud Infrastructure & DevOps Automation,"DevOps, CI/CD & Cloud Automation Certifications"
Senior Cloud Architect,Designs and implements cloud solutions at a senior level. Responsibilities include cloud strategy development and providing guidance on cloud best practices.,Cloud Infrastructure & DevOps Automation,"Cloud, Big Data & AI Certifications"
Senior DevOps Architect,Leads DevOps initiatives at an architectural level by designing CI/CD pipelines and promoting automation across development teams.,Cloud Infrastructure & DevOps Automation,"Cloud, Big Data & AI Certifications"
Senior DevOps Engineer,Drives DevOps initiatives at a senior level. Responsibilities include mentoring team members and implementing automation strategies.,Cloud Infrastructure & DevOps Automation,"DevOps, CI/CD & Cloud Automation Certifications"
Senior DevSecOps Architect,Integrates security into DevOps practices at an architectural level by designing secure CI/CD pipelines and implementing security best practices.,"DevOps, Kubernetes & Cloud Security","Kubernetes, DevSecOps & Cloud Native Certifications"
Senior SRE Architect,Leads SRE efforts at an architectural level by designing scalable/reliable systems while improving incident response strategies.,"DevOps, Kubernetes & Cloud Security","Cloud, Big Data & AI Certifications"
Senior SRE Engineer,Drives site reliability efforts by implementing monitoring solutions and automating incident response. Responsible for improving service availability.,"DevOps, Kubernetes & Cloud Security","Cloud, Big Data & AI Certifications"
Sharepoint Developer,Develops applications on SharePoint platform using technologies like .NET and JavaScript. Responsibilities include customizing SharePoint sites and building web parts.,Full Stack Development & Blockchain,"Azure, AI & Developer Certifications"
Software Developer,"Develops software applications based on specifications provided by stakeholders. Responsibilities include coding, testing, debugging, and collaborating on projects.","Programming, Embedded Systems & Robotics","Azure, AI & Developer Certifications"
Software Engineer,"Designs, develops, and tests software applications to meet business needs. Requires strong problem-solving skills and knowledge of software development methodologies.","Programming, Embedded Systems & Robotics","Azure, AI & Developer Certifications"
SonarQube Engineer,Manages SonarQube instance to measure/track code quality. Responsible for configuring quality profiles/gates while providing feedback to development teams.,"Software Testing, QA & Java Development",Software Development & Specialized IT Certifications
Splunk Engineer,"Implements Splunk solutions for log analysis, security monitoring, and operational intelligence. Responsible for creating dashboards/alerts and managing data ingestion.","Monitoring, Logging & Observability","Data Science, Analytics & Splunk Certifications"
Splunk Enterprise Security Engineer,Manages Splunk Enterprise Security environment to detect/respond to security incidents. Requires expertise in threat detection techniques.,"Monitoring, Logging & Observability","Data Science, Analytics & Splunk Certifications"
SQL Developer,"Writes SQL code for database applications. Responsibilities include creating stored procedures, optimizing queries, and designing database schemas.","Big Data, Data Engineering & Analytics","Azure, AI & Developer Certifications"
SRE Architect,Designs Site Reliability Engineering strategies to improve system reliability while reducing operational overheads through automation.,"DevOps, Kubernetes & Cloud Security","Cloud, Big Data & AI Certifications"
SRE Engineer,"Implements Site Reliability Engineering practices by monitoring systems, responding to incidents, and automating operational tasks.","DevOps, Kubernetes & Cloud Security","Cloud, Big Data & AI Certifications"
SYSTEMS ADMINISTRATOR,"Manages computer systems within an organization. Responsibilities include configuring servers, troubleshooting issues, and ensuring system security.",System Administration & IT Support,Software Development & Specialized IT Certifications
SYSTEMS ENGINEER,"Designs and implements IT systems that meet business requirements. Responsibilities include system integration, testing, and deployment.",Cloud Infrastructure & DevOps Automation,"Azure, AI & Developer Certifications"
TeamCity Engineer,Manages TeamCity CI/CD server by configuring build configurations/pipelines and integrating with source control systems.,"CI/CD, Version Control & Build Automation","DevOps, CI/CD & Cloud Automation Certifications"
Tech Sales Engineer,Supports sales efforts by providing technical expertise during presentations/demonstrations while answering questions about technical aspects.,"Project Management, Leadership & Business Strategy","Azure, AI & Developer Certifications"
TECHNICAL ACCOUNT MANAGER,Manages relationships with technical customers while providing support/guidance on their technology needs. Acts as a liaison between customer/engineering teams.,"Project Management, Leadership & Business Strategy","Azure, AI & Developer Certifications"
TECHNICAL LEAD,Leads technical teams on projects by providing guidance/mentorship while driving technical direction/decisions within projects.,"Project Management, Leadership & Business Strategy","Cloud, Big Data & AI Certifications"
Terraform Engineer,Writes Terraform scripts to automate infrastructure provisioning across cloud platforms. Requires expertise in Infrastructure as Code (IaC) practices.,Cloud Infrastructure & DevOps Automation,"DevOps, CI/CD & Cloud Automation Certifications"
TFS Engineer,Manages Team Foundation Server (TFS) to support software development processes. Responsibilities include configuring build pipelines and managing version control.,"CI/CD, Version Control & Build Automation","Azure, AI & Developer Certifications"
UDeploy Engineer,Manages deployment processes using UrbanCode Deploy. Responsibilities include configuring deployment projects and automating release workflows.,"CI/CD, Version Control & Build Automation","DevOps, CI/CD & Cloud Automation Certifications"
UI DESIGNER,Designs user interfaces that are visually appealing while intuitive to use. Responsibilities include creating mockups/prototypes and conducting user research.,"Mobile Development, UI/UX & Accessibility","Frontend, Mobile & UI/UX Certifications"
UI Developer,"Develops user interfaces using HTML5, CSS3, JavaScript while focusing on responsive design principles. Collaborates with UI designers to implement designs.",Full Stack Development & Blockchain,"Frontend, Mobile & UI/UX Certifications"
Unity Developer,Develops interactive content with Unity engine including 3D simulations while working with assets created by graphic designers,"Animation, Multimedia & Game Development","Animation, Game Development & Creative Design Certifications"
UX DESIGNER,Conducts user research studies to gather insights on user behavior. Create wireframes/mockups based on data collected from research initiatives,"Mobile Development, UI/UX & Accessibility","Frontend, Mobile & UI/UX Certifications"
Vault Engineer,Implement secret management to the cloud application.,Cloud Infrastructure & DevOps Automation,"DevOps, CI/CD & Cloud Automation Certifications"
Web Designer (UI/UX Designer),"Create front end web application using HTML, Css, JS.","Mobile Development, UI/UX & Accessibility","Frontend, Mobile & UI/UX Certifications"
Web Developer,"Develops and maintains websites and web applications. Responsibilities include writing code, debugging, and ensuring optimal performance across different browsers and devices.",Full Stack Development & Blockchain,"Frontend, Mobile & UI/UX Certifications"
WordPress Developer,"Creates and customizes WordPress websites. Responsibilities include developing themes/plugins, managing content, and ensuring website functionality.",Full Stack Development & Blockchain,"DevOps, Automation & Collaboration Tool Certifications"
XL Deploy Engineer,"Manages deployment processes using XL Deploy. Responsibilities include configuring deployment pipelines, automating releases, and ensuring application availability.","CI/CD, Version Control & Build Automation","DevOps, Automation & Collaboration Tool Certifications"
Zabbix Engineer,"Implements Zabbix monitoring solutions to track system performance and availability. Responsible for configuring alerts, dashboards, and monitoring metrics.","Monitoring, Logging & Observability",Software Development & Specialized IT Certifications
ACCESSIBILITY SPECIALIST,"Ensures digital products meet accessibility standards, enhancing usability for all users.",Full Stack Development & Blockchain,Software Development & Specialized IT Certifications
ADMIN BIG DATA,"Administers and manages large datasets, ensuring data integrity and accessibility.","Big Data, Data Engineering & Analytics","Cloud, Big Data & AI Certifications"
AGILE PROJECT MANAGER,"Leads projects using agile frameworks, focusing on iterative development and team collaboration.","Project Management, Leadership & Business Strategy","Project Management, Agile & Business Analysis Certifications"
ANDROID DEVELOPER,"Develops mobile applications for Android devices, integrating features and ensuring user experience.","Mobile Development, UI/UX & Accessibility","Frontend, Mobile & UI/UX Certifications"
ANSIBLE AUTOMATION ENGINEER,"Designs and implements automation solutions using Ansible, streamlining IT processes.",Cloud Infrastructure & DevOps Automation,"DevOps, CI/CD & Cloud Automation Certifications"
APPLICATION SECURITY ENGINEER,Develops secure applications by integrating security measures and testing vulnerabilities.,Cybersecurity & Network Engineering,Cybersecurity & Information Security Certifications
ARTIFACTORY ADMINISTRATOR,"Manages artifact repositories, ensuring efficient deployment and version control.","CI/CD, Version Control & Build Automation","DevOps, CI/CD & Cloud Automation Certifications"
ARTIFACTORY ENGINEER,Configures and optimizes Artifactory for efficient software deployment and management.,"CI/CD, Version Control & Build Automation","DevOps, CI/CD & Cloud Automation Certifications"
ARTIFICIAL INTELLIGENCE / MACHINE LEARNING LEADER,"Leads AI/ML projects, developing strategies and overseeing teams to integrate AI solutions.",Artificial Intelligence & Machine Learning,"Azure, AI & Developer Certifications"
ARTIFICIAL INTELLIGENCE / MACHINE LEARNING SR.LEADER,"Leads senior AI/ML projects, sets strategic direction, and manages teams.","Project Management, Leadership & Business Strategy","Azure, AI & Developer Certifications"
ARTIFICIAL INTELLIGENCE ARCHITECT,"Designs and implements AI systems architecture, ensuring scalability and efficiency.",Artificial Intelligence & Machine Learning,"Azure, AI & Developer Certifications"
ARTIFICIAL INTELLIGENCE RESEARCHER,"Conducts research to advance AI technologies, develops new algorithms, and publishes findings.",Artificial Intelligence & Machine Learning,"Frontend, Mobile & UI/UX Certifications"
AWS DEVOPS ENGINEER,"Implements DevOps practices on AWS, automating processes and ensuring system reliability.","CI/CD, Version Control & Build Automation","DevOps, CI/CD & Cloud Automation Certifications"
AWS SOLUTIONS ARCHITECT,"Designs scalable and cost-effective solutions on AWS, ensuring alignment with business needs.",Cloud Infrastructure & DevOps Automation,"DevOps, CI/CD & Cloud Automation Certifications"
AZURE DEVOPS ENGINEER,"Implements DevOps practices on Azure, automating processes and ensuring system reliability.","CI/CD, Version Control & Build Automation","Azure, AI & Developer Certifications"
BAMBOO ENGINEER,Configures and manages Bamboo for continuous integration and delivery.,"CI/CD, Version Control & Build Automation","DevOps, CI/CD & Cloud Automation Certifications"
BIG DATA ARCHITECT,"Designs and oversees big data solutions, ensuring scalability and performance.","Big Data, Data Engineering & Analytics","Cloud, Big Data & AI Certifications"
BIG DATA ENGINEER,"Develops and maintains big data infrastructure, ensuring data quality and accessibility.","Big Data, Data Engineering & Analytics","Cloud, Big Data & AI Certifications"
BIG DATA SPECIALIST,Analyzes and interprets large datasets to provide insights and support decision-making.,"Big Data, Data Engineering & Analytics","Cloud, Big Data & AI Certifications"
BITBUCKET ENGINEER,Manages and configures Bitbucket for efficient version control and collaboration.,"CI/CD, Version Control & Build Automation","DevOps, Automation & Collaboration Tool Certifications"
BLOCKCHAIN DEVELOPER,"Develops blockchain applications and smart contracts, ensuring security and functionality.",Full Stack Development & Blockchain,Software Development & Specialized IT Certifications
BUILD AND RELEASE ENGINEER,"Manages build and release processes, ensuring smooth and reliable software deployments.","CI/CD, Version Control & Build Automation","Cloud, Big Data & AI Certifications"
BUILD ENGINEER,"Develops and maintains build systems, automating software compilation and testing.","CI/CD, Version Control & Build Automation","Cloud, Big Data & AI Certifications"
BUSINESS SYSTEMS ANALYST,"Analyzes business processes and system requirements, providing solutions to improve efficiency.","Programming, Embedded Systems & Robotics","Project Management, Agile & Business Analysis Certifications"
C# DEVELOPER,"Develops applications using C# and the .NET framework, focusing on functionality and performance.",Full Stack Development & Blockchain,"Azure, AI & Developer Certifications"
CHEF INSPEC ENGINEER,Automates compliance and infrastructure testing using Chef Inspec.,"CI/CD, Version Control & Build Automation",Software Development & Specialized IT Certifications
CHEF OPERATIONS ENGINEER,Manages infrastructure and automates processes using Chef.,"CI/CD, Version Control & Build Automation",Software Development & Specialized IT Certifications
CLOUD ADMINISTRATOR,"Manages and maintains cloud infrastructure, ensuring availability and performance.",Cloud Infrastructure & DevOps Automation,"Azure, AI & Developer Certifications"
CLOUD ARCHITECT,Designs and oversees the implementation of cloud computing strategies.,Cloud Infrastructure & DevOps Automation,"Cloud, Big Data & AI Certifications"
CLOUD AUTOMATION ENGINEER,Automates cloud infrastructure and deployment processes.,"CI/CD, Version Control & Build Automation","DevOps, CI/CD & Cloud Automation Certifications"
CLOUD NETWORK ENGINEER,Designs and manages cloud network infrastructure.,Cloud Infrastructure & DevOps Automation,"Cloud, Big Data & AI Certifications"
CLOUD SECURITY ENGINEER,Implements and manages security measures for cloud environments.,Cloud Infrastructure & DevOps Automation,"Cloud, Big Data & AI Certifications"
CNC PROGRAMMER,Develops programs for CNC machines used in manufacturing.,"Animation, Multimedia & Game Development","Animation, Game Development & Creative Design Certifications"
CODER,Writes and tests code for software applications.,"Programming, Embedded Systems & Robotics","Azure, AI & Developer Certifications"
COMPUTER GRAPHICS ANIMATOR,Creates animations and visual effects for various media.,"Animation, Multimedia & Game Development","Animation, Game Development & Creative Design Certifications"
COMPUTER HARDWARE ENGINEER,Designs and develops computer hardware components and systems.,"Programming, Embedded Systems & Robotics",Networking & Infrastructure Certifications
COMPUTER NETWORK ARCHITECT,Designs and plans computer networks.,Cybersecurity & Network Engineering,Networking & Infrastructure Certifications
COMPUTER PROGRAMMER,Writes and tests code to create software programs.,"Programming, Embedded Systems & Robotics","Azure, AI & Developer Certifications"
COMPUTER RESEARCH SCIENTIST,Conducts research in computer science and develops new technologies.,"Programming, Embedded Systems & Robotics","Frontend, Mobile & UI/UX Certifications"
COMPUTER SYSTEMS ANALYST,Analyzes computer systems and recommends improvements.,"Project Management, Leadership & Business Strategy",Cybersecurity & Information Security Certifications
CONFLUENCE ENGINEER,Manages and configures Confluence for team collaboration.,"CI/CD, Version Control & Build Automation","DevOps, Automation & Collaboration Tool Certifications"
CONSUL ENGINEER,Manages and deploys Consul for service discovery.,"Monitoring, Logging & Observability","DevOps, Automation & Collaboration Tool Certifications"
COVERAGE.PY ENGINEER,Implements and manages code coverage tools for Python projects.,"Software Testing, QA & Java Development",Software Development & Specialized IT Certifications
DATA ANALYST,Analyzes data to identify trends and insights.,"Big Data, Data Engineering & Analytics","Data Science, Analytics & Splunk Certifications"
DATA ARCHITECT,Designs and manages data storage and retrieval systems.,"Big Data, Data Engineering & Analytics","Cloud, Big Data & AI Certifications"
DATA ENGINEER,Develops and maintains data pipelines and infrastructure.,"Big Data, Data Engineering & Analytics","Azure, AI & Developer Certifications"
DATA MODELER,Creates and maintains data models.,"Big Data, Data Engineering & Analytics","Data Science, Analytics & Splunk Certifications"
DATA SCIENTIST,Applies machine learning and statistical techniques to analyze data.,Artificial Intelligence & Machine Learning,"Cloud, Big Data & AI Certifications"
DATABASE ADMINISTRATOR,Manages and maintains databases.,Database Administration & SQL Development,"Azure, AI & Developer Certifications"
DATADOG ENGINEER,Implements and manages Datadog for system monitoring.,"Monitoring, Logging & Observability",Software Development & Specialized IT Certifications
DEVOPS ARCHITECT,Designs and implements DevOps strategies and infrastructure.,Cloud Infrastructure & DevOps Automation,"Cloud, Big Data & AI Certifications"
DEVOPS ENGINEER,Automates software development and deployment processes.,"CI/CD, Version Control & Build Automation","Kubernetes, DevSecOps & Cloud Native Certifications"
DEVOPS MANAGER,Manages DevOps teams and projects.,"CI/CD, Version Control & Build Automation","DevOps, CI/CD & Cloud Automation Certifications"
DEVSECOPS ARCHITECT,Designs and implements DevSecOps strategies and infrastructure.,Cloud Infrastructure & DevOps Automation,"DevOps, CI/CD & Cloud Automation Certifications"
DEVSECOPS ENGINEER,Integrates security practices into DevOps processes.,"CI/CD, Version Control & Build Automation","Kubernetes, DevSecOps & Cloud Native Certifications"
DIRECTOR OF ENGINEERING,Leads and manages engineering teams and projects.,"Project Management, Leadership & Business Strategy","Project Management, Agile & Business Analysis Certifications"
DOCKER ENGINEER,Manages and deploys Docker containers.,"DevOps, Kubernetes & Cloud Security","Kubernetes, DevSecOps & Cloud Native Certifications"
ELK ENGINEER,Manages and configures the ELK stack for log analysis and monitoring.,"Monitoring, Logging & Observability","DevOps, CI/CD & Cloud Automation Certifications"
EMBEDDED SOFTWARE ENGINEER,Develops software for embedded systems.,"Programming, Embedded Systems & Robotics",Software Development & Specialized IT Certifications
ENTRY LEVEL DEVELOPER,Entry-level position focused on learning and developing software skills.,"Programming, Embedded Systems & Robotics",Software Development & Specialized IT Certifications
ENTRY LEVEL NETWORK ENGINEER,Entry-level position focused on learning and assisting with network operations.,"Programming, Embedded Systems & Robotics",Networking & Infrastructure Certifications
ENTRY LEVEL PROGRAMMER,Entry-level position focused on learning and developing software skills.,"Programming, Embedded Systems & Robotics","Azure, AI & Developer Certifications"
ENTRY LEVEL WEB DEVELOPER,Entry-level position focused on learning and developing web development skills.,Full Stack Development & Blockchain,"Frontend, Mobile & UI/UX Certifications"
ENVOY ENGINEER,Configures and manages Envoy proxy for service mesh architectures.,"Monitoring, Logging & Observability","Kubernetes, DevSecOps & Cloud Native Certifications"
FALCO ENGINEER,Implements and manages Falco for runtime security monitoring.,"DevOps, Kubernetes & Cloud Security","Kubernetes, DevSecOps & Cloud Native Certifications"
FLUENTD ENGINEER,Configures and manages Fluentd for log aggregation and analysis.,"Monitoring, Logging & Observability","Kubernetes, DevSecOps & Cloud Native Certifications"
FORTIFY ENGINEER,Implements and manages Fortify for static code analysis and application security.,"Programming, Embedded Systems & Robotics",Software Development & Specialized IT Certifications
FRAMEWORKS SPECIALIST,Specializes in designing and implementing software frameworks.,"Programming, Embedded Systems & Robotics","Cloud, Big Data & AI Certifications"
FRONT END DEVELOPER,Develops the user interface and front-end components of web applications.,"Mobile Development, UI/UX & Accessibility","Frontend, Mobile & UI/UX Certifications"
FULL STACK DEVELOPER,Develops both the front-end and back-end components of web applications.,Full Stack Development & Blockchain,"DevOps, CI/CD & Cloud Automation Certifications"
FULL STACK JAVA DEVELOPER/PROGRAMMER/ENGINEER,Develops full-stack applications using Java technologies.,Full Stack Development & Blockchain,"Java, Oracle & Enterprise Development Certifications"
FULL STACK PYTHON DEVELOPER/PROGRAMMER/ENGINEER,Develops full-stack applications using Python technologies.,Full Stack Development & Blockchain,"DevOps, CI/CD & Cloud Automation Certifications"
GAME DEVELOPER,Develops video games for various platforms.,"Animation, Multimedia & Game Development","Animation, Game Development & Creative Design Certifications"
GCP DEVOPS ENGINEER,"Implements DevOps practices on Google Cloud Platform, automating processes and ensuring system reliability.",Cloud Infrastructure & DevOps Automation,"Cloud, Big Data & AI Certifications"
GERRIT ADMINISTRATOR,Administers and manages Gerrit for code review processes.,"CI/CD, Version Control & Build Automation","Cloud, Big Data & AI Certifications"
GIT ENGINEER,Manages and configures Git for efficient version control.,"CI/CD, Version Control & Build Automation","DevOps, Automation & Collaboration Tool Certifications"
GITHUB ENGINEER,Manages and configures GitHub for efficient collaboration and CI/CD.,"CI/CD, Version Control & Build Automation","DevOps, Automation & Collaboration Tool Certifications"
GITLAB ENGINEER,Manages and configures GitLab for efficient DevOps workflows.,"CI/CD, Version Control & Build Automation","DevOps, Automation & Collaboration Tool Certifications"
GRADLE ENGINEER,Configures and manages Gradle for build automation.,"CI/CD, Version Control & Build Automation","Java, Oracle & Enterprise Development Certifications"
GRAFANA ENGINEER,Configures and manages Grafana for data visualization and monitoring.,"Monitoring, Logging & Observability","Cloud, Big Data & AI Certifications"
GROOVY ENGINEER,Develops automation scripts and applications using Groovy.,"CI/CD, Version Control & Build Automation","Java, Oracle & Enterprise Development Certifications"
INFORMATION ARCHITECT,Designs information structures to enhance usability and findability.,"Mobile Development, UI/UX & Accessibility",Software Development & Specialized IT Certifications
INFORMATION SECURITY ANALYST,Protects computer systems and networks from security threats.,Cybersecurity & Network Engineering,Cybersecurity & Information Security Certifications
INTERACTION DESIGNER,Designs interactive user interfaces and experiences.,"Mobile Development, UI/UX & Accessibility","Frontend, Mobile & UI/UX Certifications"
IOS DEVELOPER,"Develops mobile applications for iOS devices, integrating features and ensuring user experience.","Mobile Development, UI/UX & Accessibility","Frontend, Mobile & UI/UX Certifications"
ISTIO ENGINEER,Configures and manages Istio for service mesh architectures.,"Monitoring, Logging & Observability","Kubernetes, DevSecOps & Cloud Native Certifications"
IT MANAGER,"Manages IT teams and projects, ensuring efficient operations.","Project Management, Leadership & Business Strategy",Cybersecurity & Information Security Certifications
JACOCO ENGINEER,Implements and manages code coverage tools for Java projects.,"Software Testing, QA & Java Development",Software Development & Specialized IT Certifications
JAVA DEVELOPER,"Develops applications using Java and related technologies, focusing on functionality and performance.","Software Testing, QA & Java Development","Java, Oracle & Enterprise Development Certifications"
JENKINS ENGINEER,Configures and manages Jenkins for continuous integration and delivery.,"CI/CD, Version Control & Build Automation","DevOps, CI/CD & Cloud Automation Certifications"
JIRA ADMINISTRATOR,Administers and configures Jira for project management and issue tracking.,"CI/CD, Version Control & Build Automation","DevOps, Automation & Collaboration Tool Certifications"
JUNIOR FRONT END DEVELOPER,Entry-level position focused on learning and developing front-end web development skills.,Full Stack Development & Blockchain,"Frontend, Mobile & UI/UX Certifications"
JUNIOR IOS DEVELOPER,Entry-level position focused on learning and developing iOS app development skills.,"Mobile Development, UI/UX & Accessibility","Frontend, Mobile & UI/UX Certifications"
JUNIT ENGINEER,Implements and manages JUnit for Java testing and test automation.,"Software Testing, QA & Java Development","Java, Oracle & Enterprise Development Certifications"
KUBERNETES OPERATIONS ENGINEER,"Manages and operates Kubernetes clusters, ensuring system reliability and scalability.","DevOps, Kubernetes & Cloud Security","Kubernetes, DevSecOps & Cloud Native Certifications"
MACHINE LEARNING ARCHITECT,Designs and implements scalable machine learning infrastructure and solutions.,Artificial Intelligence & Machine Learning,"Cloud, Big Data & AI Certifications"
MACHINE LEARNING ENGINEER,Develops and deploys machine learning models for various applications.,Artificial Intelligence & Machine Learning,"Azure, AI & Developer Certifications"
MAVEN ENGINEER,Configures and manages Maven for build automation in Java projects.,"CI/CD, Version Control & Build Automation","Java, Oracle & Enterprise Development Certifications"
MOBILE APP DEVELOPER,Develops mobile applications for iOS and Android platforms.,"Mobile Development, UI/UX & Accessibility","Frontend, Mobile & UI/UX Certifications"
MULESOFT DEVELOPER,Develops and integrates applications using the MuleSoft Anypoint Platform.,"Software Testing, QA & Java Development",Software Development & Specialized IT Certifications
NAGIOS ENGINEER,Configures and manages Nagios for system and network monitoring.,"Monitoring, Logging & Observability","DevOps, Automation & Collaboration Tool Certifications"
NETWORK AND SYSTEMS ADMINISTRATOR,Manages and maintains network and server infrastructure.,System Administration & IT Support,Networking & Infrastructure Certifications
NETWORK ENGINEER,"Designs, implements, and manages network infrastructure.",Cybersecurity & Network Engineering,Networking & Infrastructure Certifications
NEW RELIC ENGINEER,Configures and manages New Relic for application performance monitoring.,"Monitoring, Logging & Observability","DevOps, Automation & Collaboration Tool Certifications"
NEXUS ENGINEER,Manages and configures Nexus Repository Manager for artifact storage and retrieval.,"CI/CD, Version Control & Build Automation",Software Development & Specialized IT Certifications
NOMAD ENGINEER,Configures and manages Nomad for container orchestration and infrastructure automation.,"DevOps, Kubernetes & Cloud Security","DevOps, Automation & Collaboration Tool Certifications"
NOTARY ENGINEER,Implements and manages Notary for ensuring container image security.,"DevOps, Kubernetes & Cloud Security","Kubernetes, DevSecOps & Cloud Native Certifications"
OCTOPUS DEPLOY ENGINEER,Configures and manages Octopus Deploy for automating application deployments.,"CI/CD, Version Control & Build Automation",Software Development & Specialized IT Certifications
OPENSHIFT ENGINEER,Manages and configures OpenShift for container orchestration and application deployment.,"DevOps, Kubernetes & Cloud Security","DevOps, Automation & Collaboration Tool Certifications"
OPENSTACK ENGINEER,Implements and manages OpenStack cloud infrastructure.,Cloud Infrastructure & DevOps Automation,"DevOps, Automation & Collaboration Tool Certifications"
OPERATIONS ENGINEER,"Manages and maintains systems and infrastructure, ensuring reliable operation.",System Administration & IT Support,"DevOps, CI/CD & Cloud Automation Certifications"
ORACLE DEVELOPER,Develops database applications using Oracle technologies.,Database Administration & SQL Development,"Java, Oracle & Enterprise Development Certifications"
ORACLE SQL DEVELOPER,Develops and optimizes SQL queries and database schemas in Oracle environments.,Database Administration & SQL Development,"Java, Oracle & Enterprise Development Certifications"
PACKER ENGINEER,Creates machine images using Packer for consistent infrastructure deployment.,Cloud Infrastructure & DevOps Automation,"DevOps, Automation & Collaboration Tool Certifications"
PHP DEVELOPER,Develops web applications using PHP and related technologies.,Full Stack Development & Blockchain,"DevOps, CI/CD & Cloud Automation Certifications"
POWERSHELL ENGINEER,Develops automation scripts and tools using PowerShell for Windows environments.,"CI/CD, Version Control & Build Automation","Azure, AI & Developer Certifications"
PRINCIPLE ENGINEER IN ARTIFICIAL INTELLIGENCE,"Leads and designs AI/ML solutions, providing technical guidance and strategic direction.",Artificial Intelligence & Machine Learning,"Cloud, Big Data & AI Certifications"
PRINCIPLE ENGINEER IN BIG DATA,"Leads and designs big data solutions, providing technical expertise and guidance.","Big Data, Data Engineering & Analytics","Cloud, Big Data & AI Certifications"
PRINCIPLE ENGINEER IN DATA ANALYSIS,"Leads data analysis initiatives, providing expertise and guidance on analytical techniques.","Project Management, Leadership & Business Strategy","Azure, AI & Developer Certifications"
PRINCIPLE ENGINEER IN MACHINE LEARNING,"Leads machine learning initiatives, providing expertise and guidance on model development and deployment.",Artificial Intelligence & Machine Learning,"Azure, AI & Developer Certifications"
PRODUCT MANAGER,"Defines and manages product strategy, gathering requirements and prioritizing features.","Project Management, Leadership & Business Strategy","Agile, Scrum & Product Management Certifications"
PRODUCTION SUPPORT ENGINEER,"Provides technical support for production systems, resolving incidents and ensuring stability.",System Administration & IT Support,"DevOps, CI/CD & Cloud Automation Certifications"
PUPPET OPERATIONS ENGINEER,Manages and automates infrastructure configuration using Puppet.,"CI/CD, Version Control & Build Automation","DevOps, CI/CD & Cloud Automation Certifications"
SENIOR BUILD AND RELEASE ENGINEER,"Manages build and release processes, ensuring smooth and reliable software deployments.","CI/CD, Version Control & Build Automation","DevOps, Automation & Collaboration Tool Certifications"
SENIOR BUILD ENGINEER,"Develops and maintains build systems, automating software compilation and testing.","CI/CD, Version Control & Build Automation","DevOps, CI/CD & Cloud Automation Certifications"
SENIOR DEVOPS ENGINEER,"Leads DevOps initiatives, designing and implementing automation solutions.",Cloud Infrastructure & DevOps Automation,"Kubernetes, DevSecOps & Cloud Native Certifications"
SITE RELIABILITY ENGINEER (KUBERNETES Ãâ¬Ã¯Â¿Â½ DOCKER),Ensures the reliability and performance of systems running on Kubernetes and Docker.,"DevOps, Kubernetes & Cloud Security","Kubernetes, DevSecOps & Cloud Native Certifications"
SPLUNK ENGINEER,"Configures and manages Splunk for log analysis, monitoring, and security insights.","Monitoring, Logging & Observability","Kubernetes, DevSecOps & Cloud Native Certifications"
XL DEPLOY ENGINEER,Configures and manages XL Deploy for automating application deployments.,"CI/CD, Version Control & Build Automation","Data Science, Analytics & Splunk Certifications"
ZABBIX ENGINEER,"Configures and manages Zabbix for monitoring systems, networks, and applications.","Monitoring, Logging & Observability","Kubernetes, DevSecOps & Cloud Native Certifications"
API DEVELOPER,Develops and implements APIs for integrating systems and applications.,"Monitoring, Logging & Observability",Software Development & Specialized IT Certifications
AUTOMATION SPECIALIST,Designs and implements automation solutions to improve efficiency and reduce manual effort.,"CI/CD, Version Control & Build Automation","Cloud, Big Data & AI Certifications"
BUSINESS INTELLIGENCE ANALYST,Analyzes data to provide insights and support business decision-making.,"Big Data, Data Engineering & Analytics",Software Development & Specialized IT Certifications
CLOUD MIGRATION SPECIALIST,"Plans and executes cloud migration projects, ensuring smooth transitions.",Cloud Infrastructure & DevOps Automation,"Data Science, Analytics & Splunk Certifications"
CYBERSECURITY ANALYST,Protects computer systems and networks from cyber threats.,Cybersecurity & Network Engineering,"Cloud, Big Data & AI Certifications"
DATA QUALITY ENGINEER,"Ensures data quality by profiling, monitoring, and improving data accuracy and consistency.","Big Data, Data Engineering & Analytics",Cybersecurity & Information Security Certifications
DIGITAL TRANSFORMATION CONSULTANT,"Advises organizations on digital transformation initiatives, driving innovation and efficiency.","Project Management, Leadership & Business Strategy","Data Science, Analytics & Splunk Certifications"
E-COMMERCE DEVELOPER,Develops and maintains e-commerce websites and applications.,Cybersecurity & Network Engineering,"Project Management, Agile & Business Analysis Certifications"
EMBEDDED SYSTEMS ENGINEER,"Develops software for embedded systems, integrating hardware and software components.","Programming, Embedded Systems & Robotics",Software Development & Specialized IT Certifications
ERP CONSULTANT,"Consults on ERP system implementation, customization, and support.","Project Management, Leadership & Business Strategy",Software Development & Specialized IT Certifications
GEOGRAPHIC INFORMATION SYSTEMS (GIS) ANALYST,Analyzes spatial data using GIS software to create maps and provide insights.,"Big Data, Data Engineering & Analytics","Java, Oracle & Enterprise Development Certifications"
HELP DESK TECHNICIAN,"Provides technical support to end-users, resolving hardware and software issues.",System Administration & IT Support,"DevOps, Automation & Collaboration Tool Certifications"
IDENTITY AND ACCESS MANAGEMENT SPECIALIST,"Manages identity and access control systems, ensuring secure access to resources.",Cybersecurity & Network Engineering,"Azure, AI & Developer Certifications"
INFRASTRUCTURE ARCHITECT,"Designs and plans IT infrastructure, ensuring scalability, reliability, and security.",Cloud Infrastructure & DevOps Automation,Cybersecurity & Information Security Certifications
INTERNET OF THINGS (IoT) DEVELOPER,"Develops applications for IoT devices and platforms, connecting devices and analyzing data.","Programming, Embedded Systems & Robotics","Cloud, Big Data & AI Certifications"
IT AUDITOR,Conducts IT audits to ensure compliance and identify security risks.,Cybersecurity & Network Engineering,"Azure, AI & Developer Certifications"
JAVA ARCHITECT,"Designs and leads the development of Java-based systems, ensuring scalability and maintainability.",Cloud Infrastructure & DevOps Automation,Cybersecurity & Information Security Certifications
LINUX ADMINISTRATOR,"Manages and maintains Linux servers, ensuring system stability and security.",System Administration & IT Support,"Java, Oracle & Enterprise Development Certifications"
MAINFRAME DEVELOPER,Develops and maintains applications on mainframe systems.,"Animation, Multimedia & Game Development",Software Development & Specialized IT Certifications
MICROSOFT DYNAMICS DEVELOPER,Develops and customizes Microsoft Dynamics CRM solutions.,"Project Management, Leadership & Business Strategy",Software Development & Specialized IT Certifications
MOBILE SECURITY SPECIALIST,"Ensures the security of mobile devices and applications, conducting assessments and implementing security measures.",Cybersecurity & Network Engineering,"Azure, AI & Developer Certifications"
NATURAL LANGUAGE PROCESSING ENGINEER,"Develops NLP models for various applications, such as chatbots and text analysis tools.",Artificial Intelligence & Machine Learning,Cybersecurity & Information Security Certifications
NETWORK ARCHITECT,Designs and plans computer networks.,Cybersecurity & Network Engineering,"Frontend, Mobile & UI/UX Certifications"
PENETRATION TESTER,Conducts penetration tests to identify security vulnerabilities in systems and applications.,Cybersecurity & Network Engineering,Networking & Infrastructure Certifications
PYTHON ARCHITECT,"Designs and leads the development of Python-based systems, ensuring scalability and maintainability.",Cloud Infrastructure & DevOps Automation,Cybersecurity & Information Security Certifications
QUALITY ASSURANCE MANAGER,"Manages quality assurance processes, ensuring software quality through testing and automation.","Software Testing, QA & Java Development",Software Development & Specialized IT Certifications
RELEASE MANAGER,"Manages software releases, coordinating activities and ensuring smooth deployments.","CI/CD, Version Control & Build Automation","Project Management, Agile & Business Analysis Certifications"
SAP CONSULTANT,"Consults on SAP system implementation, customization, and support.","Big Data, Data Engineering & Analytics","Data Science, Analytics & Splunk Certifications"
UX/UI DESIGNER,"Designs user interfaces and experiences, ensuring usability and aesthetic appeal.","Mobile Development, UI/UX & Accessibility","Frontend, Mobile & UI/UX Certifications"
WEB DEVELOPER,"Develops web applications, implementing front-end and back-end components.",Full Stack Development & Blockchain,"Azure, AI & Developer Certifications"
BACK END DEVELOPER,Develops the server-side logic and APIs for web applications.,Full Stack Development & Blockchain,"Java, Oracle & Enterprise Development Certifications"
WEB DESIGNER,"Creates visual designs and layouts for websites, ensuring aesthetic appeal and usability.","Mobile Development, UI/UX & Accessibility","Frontend, Mobile & UI/UX Certifications"
WEB ENGINEER,"Designs and implements web infrastructure, ensuring scalability and reliability.","Monitoring, Logging & Observability","Azure, AI & Developer Certifications"
WEB PRODUCER,"Manages the creation and delivery of web content, coordinating with stakeholders.","Project Management, Leadership & Business Strategy","Agile, Scrum & Product Management Certifications"
WEB PROJECT MANAGER,"Manages web development projects, ensuring they are completed on time and within budget.","Project Management, Leadership & Business Strategy","Project Management, Agile & Business Analysis Certifications"
WEB CONTENT MANAGER,"Manages web content, ensuring it is accurate, engaging, and optimized for search engines.",Full Stack Development & Blockchain,"DevOps, Automation & Collaboration Tool Certifications"
MULTIMEDIA ARCHITECT,Designs and produces multimedia content for various platforms.,"Animation, Multimedia & Game Development","Animation, Game Development & Creative Design Certifications"
WEB ANALYTICS DEVELOPER,Implements web analytics tools and analyzes data to improve website performance.,"Big Data, Data Engineering & Analytics","Data Science, Analytics & Splunk Certifications"
SEO CONSULTANT,"Advises on SEO strategies, improving website visibility and organic traffic.","Big Data, Data Engineering & Analytics","DevOps, Automation & Collaboration Tool Certifications"
SEO MANAGER,"Manages SEO initiatives, leading teams and monitoring performance.","Project Management, Leadership & Business Strategy","DevOps, Automation & Collaboration Tool Certifications"
INTERNET ENGINEER,"Designs, implements, and manages internet infrastructure.",Cybersecurity & Network Engineering,Networking & Infrastructure Certifications
FRONT-END DESIGNER,Designs the visual elements and user interface of web applications.,"Mobile Development, UI/UX & Accessibility","Azure, AI & Developer Certifications"
MOBILE DEVELOPER,Develops mobile applications for iOS and Android platforms.,"Mobile Development, UI/UX & Accessibility","Frontend, Mobile & UI/UX Certifications"
PYTHON DEVELOPER,"Develops applications using Python, focusing on back-end development and automation.",Full Stack Development & Blockchain,Software Development & Specialized IT Certifications
POWER BI DEVELOPER,Develops interactive dashboards and reports using Power BI.,"Big Data, Data Engineering & Analytics","Data Science, Analytics & Splunk Certifications"
POWER BI ANALYST,Analyzes data using Power BI to provide insights and support business decision-making.,"Big Data, Data Engineering & Analytics","Data Science, Analytics & Splunk Certifications"
CLOUD COMPUTING SPECIALIST,"Manages and maintains cloud infrastructure, ensuring availability and performance.",Cloud Infrastructure & DevOps Automation,"Cloud, Big Data & AI Certifications"
CYBERSECURITY SPECIALIST,Protects computer systems and networks from cyber threats.,Cybersecurity & Network Engineering,Cybersecurity & Information Security Certifications
DATA SCIENCE SPECIALIST,Applies data science techniques to analyze data and solve business problems.,Artificial Intelligence & Machine Learning,"Azure, AI & Developer Certifications"
ARTIFICIAL INTELLIGENCE ENGINEER,"Develops AI models and applications, implementing machine learning algorithms.",Artificial Intelligence & Machine Learning,"Cloud, Big Data & AI Certifications"
DATABASE ARCHITECT,"Designs and manages database systems, ensuring data integrity and performance.",Database Administration & SQL Development,"Azure, AI & Developer Certifications"
SOFTWARE ARCHITECT,"Designs and leads the development of software systems, ensuring scalability and maintainability.",Cloud Infrastructure & DevOps Automation,"DevOps, CI/CD & Cloud Automation Certifications"
CYBERSECURITY ENGINEER,Implements and manages security measures to protect computer systems and networks.,Cybersecurity & Network Engineering,Cybersecurity & Information Security Certifications
INFOSEC ANALYST/CYBERSECURITY ANALYST,Protects computer systems and networks from cyber threats.,Cybersecurity & Network Engineering,Cybersecurity & Information Security Certifications
COMPUTER FORENSIC ANALYST,"Investigates cybercrimes and security incidents, collecting and analyzing digital evidence.",Cybersecurity & Network Engineering,Cybersecurity & Information Security Certifications
IT SECURITY SPECIALIST,Implements and manages security measures to protect computer systems and networks.,Cybersecurity & Network Engineering,Cybersecurity & Information Security Certifications
SECURITY MANAGER,"Manages security teams and initiatives, ensuring the protection of IT assets.",Cybersecurity & Network Engineering,Cybersecurity & Information Security Certifications
SECURITY ENGINEER,Implements and manages security measures to protect computer systems and networks.,Cybersecurity & Network Engineering,Cybersecurity & Information Security Certifications
SECURITY CONSULTANT,"Provides security consulting services, assessing risks and recommending security solutions.",Cybersecurity & Network Engineering,Cybersecurity & Information Security Certifications
DIRECTOR OF SECURITY,"Leads security teams and initiatives, providing strategic direction and ensuring compliance.",Cybersecurity & Network Engineering,Cybersecurity & Information Security Certifications
SECURITY ADMINISTRATOR,"Administers security systems, managing user access and enforcing security policies.",Cybersecurity & Network Engineering,Cybersecurity & Information Security Certifications
SECURITY SPECIALIST,Implements and manages security measures to protect computer systems and networks.,Cybersecurity & Network Engineering,Cybersecurity & Information Security Certifications
CHIEF INFORMATION OFFICER,"Leads IT organizations, defining IT strategy and overseeing IT operations.","Project Management, Leadership & Business Strategy",Cybersecurity & Information Security Certifications
NETWORK SECURITY ENGINEER,"Implements and manages network security measures, protecting networks from threats.",Cybersecurity & Network Engineering,Software Development & Specialized IT Certifications
MACHINE LEARNING ENGINEER FOR CYBERSECURITY,"Develops machine learning models for cybersecurity applications, such as threat detection and fraud prevention.",Artificial Intelligence & Machine Learning,"Cloud, Big Data & AI Certifications"
NETWORK ANALYST,"Monitors network performance, troubleshoots issues, and provides performance reports.",System Administration & IT Support,Networking & Infrastructure Certifications
NETWORK OPERATIONS ENGINEER,"Manages day-to-day network operations, resolving issues and ensuring network availability.",System Administration & IT Support,Networking & Infrastructure Certifications
NETWORK RELIABILITY ENGINEER,"Ensures the reliability and performance of network infrastructure, implementing automation and monitoring solutions.","Monitoring, Logging & Observability",Networking & Infrastructure Certifications
NETWORK INFRASTRUCTURE SPECIALIST,"Installs, configures, and maintains network infrastructure, including cabling and hardware.","Monitoring, Logging & Observability",Networking & Infrastructure Certifications
COMPUTER SUPPORT SPECIALIST,"Provides technical support to end-users, resolving hardware and software issues.",System Administration & IT Support,"Azure, AI & Developer Certifications"
INFORMATION TECHNOLOGY ANALYST,"Analyzes IT systems and processes, recommending improvements and providing IT consulting services.","Project Management, Leadership & Business Strategy",Software Development & Specialized IT Certifications
TECHNOLOGY SALES CONSULTANT,"Sells technology solutions, providing technical expertise and building customer relationships.","Project Management, Leadership & Business Strategy",Software Development & Specialized IT Certifications
DATABASE DEVELOPER,Develops database applications and schemas.,Database Administration & SQL Development,"Azure, AI & Developer Certifications"
DATABASE ANALYST,Analyzes data stored in databases and creates reports.,"Big Data, Data Engineering & Analytics","Java, Oracle & Enterprise Development Certifications"
DATA WAREHOUSE MANAGER,Manages data warehouse projects and teams.,"Big Data, Data Engineering & Analytics","Cloud, Big Data & AI Certifications"
DATA WAREHOUSE PROGRAMMING SPECIALIST,Develops and maintains ETL processes for data warehousing.,"Big Data, Data Engineering & Analytics","Azure, AI & Developer Certifications"
INTELLIGENCE SPECIALIST,Gathers and analyzes intelligence data to support security and decision-making.,"Big Data, Data Engineering & Analytics",Cybersecurity & Information Security Certifications
CLOUD/SOFTWARE ARCHITECT,Designs and oversees the implementation of cloud computing strategies.,Cloud Infrastructure & DevOps Automation,"Cloud, Big Data & AI Certifications"
CLOUD/SOFTWARE DEVELOPER,Develops software applications on cloud platforms.,Cloud Infrastructure & DevOps Automation,"Azure, AI & Developer Certifications"
CLOUD/SOFTWARE APPLICATIONS ENGINEER,Develops and deploys applications on cloud platforms.,Cloud Infrastructure & DevOps Automation,"Cloud, Big Data & AI Certifications"
CLOUD SYSTEM ADMINISTRATOR,"Manages and maintains cloud infrastructure, ensuring availability and performance.",Cloud Infrastructure & DevOps Automation,"Azure, AI & Developer Certifications"
CLOUD SYSTEM ENGINEER,"Engineers cloud infrastructure, implementing automation and ensuring system reliability.",Cloud Infrastructure & DevOps Automation,"DevOps, CI/CD & Cloud Automation Certifications"
PLATFORM ENGINEER,"Develops and maintains platform infrastructure, enabling efficient software development and deployment.",Cloud Infrastructure & DevOps Automation,"Kubernetes, DevSecOps & Cloud Native Certifications"
SOFTWARE QUALITY ASSURANCE ANALYST,Ensures software quality through testing and reporting.,"Software Testing, QA & Java Development",Software Development & Specialized IT Certifications
UI (USER INTERFACE) DESIGNER,"Designs user interfaces, ensuring usability and aesthetic appeal.","Mobile Development, UI/UX & Accessibility","Frontend, Mobile & UI/UX Certifications"
TECHNICAL ACCOUNT MANAGER,"Manages customer accounts, providing technical support and building relationships.","Project Management, Leadership & Business Strategy","Cloud, Big Data & AI Certifications"
IT SALES EXECUTIVE,"Sells technology solutions, developing sales strategies and building customer relationships.","Project Management, Leadership & Business Strategy","DevOps, Automation & Collaboration Tool Certifications"
IT SALES DIRECTOR,"Leads IT sales teams, developing sales strategies and managing customer relationships.","Project Management, Leadership & Business Strategy","Azure, AI & Developer Certifications"
TECHNOLOGY MANAGER,"Manages IT teams and projects, ensuring efficient operations.","Project Management, Leadership & Business Strategy",Cybersecurity & Information Security Certifications
TECHNOLOGY ASSISTANT,Provides technical and administrative support to IT teams.,System Administration & IT Support,Software Development & Specialized IT Certifications
TECHNOLOGY SPECIALIST,"Provides technical expertise and support, resolving complex IT issues.",System Administration & IT Support,"Azure, AI & Developer Certifications"
DIRECTOR ORACLE,"Manages Oracle database teams and projects, ensuring efficient operations.","Project Management, Leadership & Business Strategy","Java, Oracle & Enterprise Development Certifications"
KNOWLEDGE MANAGER,"Manages knowledge assets, ensuring information is accessible and organized.","Project Management, Leadership & Business Strategy","Kubernetes, DevSecOps & Cloud Native Certifications"
MANAGER HARDWARE,"Manages hardware resources, leading teams and overseeing hardware operations.","Project Management, Leadership & Business Strategy",Networking & Infrastructure Certifications
SHAREPOINT MANAGER,"Manages SharePoint environments, leading teams and ensuring efficient collaboration.","Project Management, Leadership & Business Strategy","Azure, AI & Developer Certifications"
REQUIREMENTS MANAGER,"Manages requirements for IT projects, ensuring they are well-defined and communicated.","Project Management, Leadership & Business Strategy","Project Management, Agile & Business Analysis Certifications"
IMPLEMENTATION DIRECTOR,"Manages IT project implementations, leading teams and ensuring successful deployments.","Project Management, Leadership & Business Strategy","Project Management, Agile & Business Analysis Certifications"
TECHNOLOGY OFFICER,"Provides technology leadership, defining IT strategy and driving innovation.","Project Management, Leadership & Business Strategy",Cybersecurity & Information Security Certifications
DIRECTOR BUSINESS SYSTEMS,"Manages business systems, leading teams and improving business processes.","Project Management, Leadership & Business Strategy","Azure, AI & Developer Certifications"
MANAGER NET,"Manages .NET development teams and projects, ensuring efficient development practices.","Project Management, Leadership & Business Strategy","Azure, AI & Developer Certifications"
SYSTEMS INTEGRATION MANAGER,"Manages systems integration projects, leading teams and ensuring successful integration.","Project Management, Leadership & Business Strategy","Azure, AI & Developer Certifications"
DIGITAL PROGRAM MANAGER,"Manages digital programs, leading teams and ensuring successful execution.","Project Management, Leadership & Business Strategy","Agile, Scrum & Product Management Certifications"
INTEGRATION DIRECTOR,"Manages integration projects, leading teams and ensuring successful integration.","Project Management, Leadership & Business Strategy","DevOps, CI/CD & Cloud Automation Certifications"
DIRECTOR HARDWARE,"Manages hardware resources, leading teams and developing hardware strategies.","Project Management, Leadership & Business Strategy",Networking & Infrastructure Certifications
MANAGER LINUX,"Manages Linux systems and teams, ensuring efficient operations and troubleshooting issues.",System Administration & IT Support,Software Development & Specialized IT Certifications
MANAGER PHP,"Manages PHP development teams and projects, ensuring efficient development practices.","Project Management, Leadership & Business Strategy",Software Development & Specialized IT Certifications
FIRMWARE MANAGER,"Manages firmware development teams and projects, ensuring efficient development practices.","Project Management, Leadership & Business Strategy",Software Development & Specialized IT Certifications
IT PROGRAM ENGAGEMENT DIRECTOR,"Manages IT program engagements, building customer relationships and leading teams.","Project Management, Leadership & Business Strategy","Project Management, Agile & Business Analysis Certifications"
MANAGER UNIX,"Manages UNIX systems and teams, ensuring efficient operations and troubleshooting issues.",System Administration & IT Support,Software Development & Specialized IT Certifications
TECHNOLOGY ADOPTION MANAGER,"Manages technology adoption initiatives, providing training and communication to ensure successful adoption.","Project Management, Leadership & Business Strategy","Cloud, Big Data & AI Certifications"
IT SUPPORT SPECIALIST,"Provides technical support to end-users, resolving hardware and software issues.",System Administration & IT Support,"Azure, AI & Developer Certifications"
CUSTOMER SERVICE REPRESENTATIVE,"Provides customer service, resolving issues and providing technical support.","Project Management, Leadership & Business Strategy","Frontend, Mobile & UI/UX Certifications"
TECHNICAL PRODUCT MANAGER,"Manages technical products, defining product strategy and gathering requirements.","Project Management, Leadership & Business Strategy","Agile, Scrum & Product Management Certifications"
PROJECT MANAGER,"Manages projects, ensuring they are completed on time and within budget.","Project Management, Leadership & Business Strategy","Project Management, Agile & Business Analysis Certifications"
PROGRAM MANAGER,"Manages programs, ensuring they are completed on time and within budget.","Programming, Embedded Systems & Robotics","Project Management, Agile & Business Analysis Certifications"
PORTFOLIO MANAGER,"Manages investment portfolios, assessing risk and making investment decisions.","Project Management, Leadership & Business Strategy","Project Management, Agile & Business Analysis Certifications"
CHIEF INFORMATION OFFICER (CIO),"Leads IT organizations, defining IT strategy and overseeing IT operations.","Project Management, Leadership & Business Strategy",Cybersecurity & Information Security Certifications
CHIEF TECHNOLOGY OFFICER (CTO),"Leads technology initiatives, driving innovation and overseeing research and development.","Project Management, Leadership & Business Strategy","DevOps, CI/CD & Cloud Automation Certifications"
IT DIRECTOR,"Manages IT teams and projects, ensuring efficient operations.","Project Management, Leadership & Business Strategy",Cybersecurity & Information Security Certifications
TECHNICAL OPERATIONS OFFICER,"Manages technical operations, ensuring the stability and performance of IT systems.",Cybersecurity & Network Engineering,"DevOps, CI/CD & Cloud Automation Certifications"
INFORMATION MANAGEMENT SYSTEMS DIRECTOR,"Manages information management systems, ensuring data is accessible and secure.","Big Data, Data Engineering & Analytics",Cybersecurity & Information Security Certifications
SENIOR IT CONSULTANT,"Provides IT consulting services, managing projects and providing technical expertise.","Project Management, Leadership & Business Strategy",Cybersecurity & Information Security Certifications
TECHNICAL LEAD,"Leads technical teams, providing guidance and mentoring team members.","Project Management, Leadership & Business Strategy","Cloud, Big Data & AI Certifications"
IT APPRENTICE,"Provides technical support to end-users, learning IT concepts and developing technical skills.","Project Management, Leadership & Business Strategy","Frontend, Mobile & UI/UX Certifications"
IT TECHNICIAN,"Provides technical support to end-users, resolving hardware and software issues.",System Administration & IT Support,"Azure, AI & Developer Certifications"
IT SYSTEMS ADMINISTRATOR,"Manages and maintains IT systems, ensuring stability and performance.",System Administration & IT Support,"Azure, AI & Developer Certifications"
IT ENGINEER,"Engineers IT systems, ensuring scalability, reliability, and security.",Cloud Infrastructure & DevOps Automation,Networking & Infrastructure Certifications
COMPUTER NETWORK SPECIALIST,"Manages and maintains computer networks, ensuring stability and security.",System Administration & IT Support,Networking & Infrastructure Certifications
COMPUTER AND INFORMATION RESEARCH SCIENTIST,Conducts research in computer science and develops new technologies.,"Programming, Embedded Systems & Robotics","Frontend, Mobile & UI/UX Certifications"
COMPUTER AND INFORMATION RESEARCH MANAGER,Manages computer and information research projects and teams.,"Project Management, Leadership & Business Strategy","Cloud, Big Data & AI Certifications"
SOFTWARE DEVELOPMENT MANAGER,"Manages software development teams and projects, ensuring efficient development practices.","Project Management, Leadership & Business Strategy","Project Management, Agile & Business Analysis Certifications"
SOFTWARE DEVELOPMENT ENGINEER,"Develops software applications, implementing algorithms and solving complex problems.","Programming, Embedded Systems & Robotics","Azure, AI & Developer Certifications"
APPLICATION DESIGNER,"Designs software applications, ensuring usability and functionality.","Mobile Development, UI/UX & Accessibility","Frontend, Mobile & UI/UX Certifications"
APPLICATION ENGINEER,"Develops and maintains software applications, troubleshooting issues and ensuring stability.","Programming, Embedded Systems & Robotics","Cloud, Big Data & AI Certifications"
LEAD PROGRAMMER,"Leads programming teams, providing technical guidance and mentoring team members.","Programming, Embedded Systems & Robotics","Azure, AI & Developer Certifications"
ITERATION MANAGER,"Facilitates agile development teams, ensuring efficient iteration and collaboration.","Project Management, Leadership & Business Strategy","Agile, Scrum & Product Management Certifications"
WEBMASTER,"Manages websites, ensuring functionality, security, and content quality.",Full Stack Development & Blockchain,"DevOps, Automation & Collaboration Tool Certifications"
UX/UI RESEARCHER,Conducts user research and usability testing to inform design decisions.,"Mobile Development, UI/UX & Accessibility","Frontend, Mobile & UI/UX Certifications"
UX/UI SPECIALIST,"Designs user interfaces and experiences, ensuring usability and aesthetic appeal.","Mobile Development, UI/UX & Accessibility",Software Development & Specialized IT Certifications
ANIMATOR,"Creates animations for various media, including films, games, and websites.","Animation, Multimedia & Game Development","Animation, Game Development & Creative Design Certifications"
MOTION GRAPHICS ARTIST,Creates motion graphics and visual effects for various media.,"Animation, Multimedia & Game Development","Animation, Game Development & Creative Design Certifications"
2D ARTIST/ANIMATOR,Creates 2D animations for various media.,"Animation, Multimedia & Game Development","Animation, Game Development & Creative Design Certifications"
3D ARTIST/ANIMATOR,Creates 3D animations for various media.,"Animation, Multimedia & Game Development","Animation, Game Development & Creative Design Certifications"
CHARACTER DESIGNER,"Designs characters for animation, games, and other media.","Animation, Multimedia & Game Development","Animation, Game Development & Creative Design Certifications"
STORYBOARD ARTIST,"Creates storyboards for films, animations, and other media.","Animation, Multimedia & Game Development","Animation, Game Development & Creative Design Certifications"
VFX ARTIST,"Creates visual effects for films, television, and other media.","Animation, Multimedia & Game Development","Animation, Game Development & Creative Design Certifications"
RIGGING ARTIST,Creates rigs for animating 3D characters.,"Animation, Multimedia & Game Development","Animation, Game Development & Creative Design Certifications"
TECHNICAL ANIMATOR,Develops tools and workflows for animation production.,"Animation, Multimedia & Game Development","Animation, Game Development & Creative Design Certifications"
ART DIRECTOR,"Leads art teams, providing visual direction and ensuring aesthetic consistency.","Project Management, Leadership & Business Strategy","Animation, Game Development & Creative Design Certifications"
ANIMATION DIRECTOR,"Directs animation projects, ensuring artistic quality and storytelling effectiveness.","Project Management, Leadership & Business Strategy","Animation, Game Development & Creative Design Certifications"
VISUAL EFFECTS ANIMATOR,"Creates visual effects for films, television, and other media.","Animation, Multimedia & Game Development","Animation, Game Development & Creative Design Certifications"
GRAPHIC EFFECTS SUPERVISOR,"Supervises visual effects projects, ensuring technical and artistic quality.","Project Management, Leadership & Business Strategy","Animation, Game Development & Creative Design Certifications"
FORENSIC ANIMATOR,"Creates animations for legal presentations, visualizing forensic evidence.","Animation, Multimedia & Game Development",Software Development & Specialized IT Certifications
COMPOSITOR,"Combines visual elements to create final images for films, television, and other media.","Animation, Multimedia & Game Development","Animation, Game Development & Creative Design Certifications"
EFFECTS TECHNICAL DIRECTOR (FX TD),Develops technical solutions for visual effects production.,"Animation, Multimedia & Game Development","Animation, Game Development & Creative Design Certifications"
LAYOUT ARTIST,"Creates layouts for animated scenes, determining camera angles and composition.","Animation, Multimedia & Game Development","Animation, Game Development & Creative Design Certifications"
AI RESEARCHER,"Conducts research in artificial intelligence and machine learning, developing new algorithms and techniques.",Artificial Intelligence & Machine Learning,"Frontend, Mobile & UI/UX Certifications"
AI SOFTWARE ARCHITECT,"Designs and implements AI software systems, ensuring scalability and performance.",Artificial Intelligence & Machine Learning,"Azure, AI & Developer Certifications"
BUSINESS INTELLIGENCE DEVELOPER,"Develops business intelligence solutions, creating reports and dashboards.","Big Data, Data Engineering & Analytics","Data Science, Analytics & Splunk Certifications"
